NGS_req-ID,name,Sample,description,Control sample (Y/N),Notes,Dilution,Cell name_type,I7_Index_ID,index_I1,barcode_I1,I5_Index_ID,index_I2,barcode_I2,primer,genome,chr,start,end,strand,guide_1,sequence_guide_1,genome_guide_1,chr_guide_1,start_guide_1,end_guide_1,strand_guide_1,guide_2,sequence_guide_2,genome_guide_2,chr_guide_2,start_guide_2,end_guide_2,strand_guide_2,guide_3,sequence_guide_3,genome_guide_3,chr_guide_3,start_guide_3,end_guide_3,strand_guide_3,Donor (single strand; double strand),plamid_name,plasmid_sequence,genomic_background
NGS_req-256,req256_OLI6062_N504_N701amp_34,SNA2492-1,NGS_req-256_HEK293_Titration_repeat3,N,,1,HEK293,P7_N701_SBS12,N701,ATTCCGCT,Seq28_P5_N504_UMI_Tn5-A,N504,AGAGTAGA,OLI6062,hg38,chr12,88102321,88102350,-,CEP290-64,GTCAAAAGCTACCGGTTACCTG,hg38,chr12,88100982,88101004,-,CEP290-323,GTTCTGTCCTCAGTAAAAGGTA,hg38,chr12,88102142,88102164,+,,,,,,,,,,,
NGS_req-256,req256_OLI6062_N504_N702amp_35,SNA2493-1,NGS_req-256_HEK293_Titration_repeat3,N,,0.31646,HEK293,P7_N702_SBS12,N702,GCATGATC,Seq28_P5_N504_UMI_Tn5-A,N504,AGAGTAGA,OLI6062,hg38,chr12,88102321,88102350,-,CEP290-64,GTCAAAAGCTACCGGTTACCTG,hg38,chr12,88100982,88101004,-,CEP290-323,GTTCTGTCCTCAGTAAAAGGTA,hg38,chr12,88102142,88102164,+,,,,,,,,,,,
NGS_req-256,req256_OLI6062_N504_N703amp_36,SNA2494-1,NGS_req-256_HEK293_Titration_repeat3,N,,0.10014,HEK293,P7_N703_SBS12,N703,TCCGTCTT,Seq28_P5_N504_UMI_Tn5-A,N504,AGAGTAGA,OLI6062,hg38,chr12,88102321,88102350,-,CEP290-64,GTCAAAAGCTACCGGTTACCTG,hg38,chr12,88100982,88101004,-,CEP290-323,GTTCTGTCCTCAGTAAAAGGTA,hg38,chr12,88102142,88102164,+,,,,,,,,,,,
NGS_req-256,req256_OLI6062_N504_N704amp_37,SNA2495-1,NGS_req-256_HEK293_Titration_repeat3,N,,0.03169,HEK293,P7_N704_SBS12,N704,AGGACTCG,Seq28_P5_N504_UMI_Tn5-A,N504,AGAGTAGA,OLI6062,hg38,chr12,88102321,88102350,-,CEP290-64,GTCAAAAGCTACCGGTTACCTG,hg38,chr12,88100982,88101004,-,CEP290-323,GTTCTGTCCTCAGTAAAAGGTA,hg38,chr12,88102142,88102164,+,,,,,,,,,,,
NGS_req-256,req256_OLI6062_N504_N705amp_38,SNA2496-1,NGS_req-256_HEK293_Titration_repeat3,N,,0.01003,HEK293,P7_N705_SBS12,N705,CCTGAGGA,Seq28_P5_N504_UMI_Tn5-A,N504,AGAGTAGA,OLI6062,hg38,chr12,88102321,88102350,-,CEP290-64,GTCAAAAGCTACCGGTTACCTG,hg38,chr12,88100982,88101004,-,CEP290-323,GTTCTGTCCTCAGTAAAAGGTA,hg38,chr12,88102142,88102164,+,,,,,,,,,,,
NGS_req-256,req256_OLI6062_N504_N706amp_39,SNA2497-1,NGS_req-256_HEK293_Titration_repeat3,N,,0.00317,HEK293,P7_N706_SBS12,N706,ATCCGTAC,Seq28_P5_N504_UMI_Tn5-A,N504,AGAGTAGA,OLI6062,hg38,chr12,88102321,88102350,-,CEP290-64,GTCAAAAGCTACCGGTTACCTG,hg38,chr12,88100982,88101004,-,CEP290-323,GTTCTGTCCTCAGTAAAAGGTA,hg38,chr12,88102142,88102164,+,,,,,,,,,,,
NGS_req-256,req256_OLI6062_N504_N707amp_40,SNA2498-1,NGS_req-256_HEK293_Titration_repeat3,N,,0.001,HEK293,P7_N707_SBS12,N707,GAGAGATG,Seq28_P5_N504_UMI_Tn5-A,N504,AGAGTAGA,OLI6062,hg38,chr12,88102321,88102350,-,CEP290-64,GTCAAAAGCTACCGGTTACCTG,hg38,chr12,88100982,88101004,-,CEP290-323,GTTCTGTCCTCAGTAAAAGGTA,hg38,chr12,88102142,88102164,+,,,,,,,,,,,
NGS_req-256,req256_OLI6062_N504_N710amp_41,SNA2499-1,NGS_req-256_HEK293_Titration_repeat3,N,,0.00032,HEK293,P7_N710_SBS12,N710,GCTCCGAC,Seq28_P5_N504_UMI_Tn5-A,N504,AGAGTAGA,OLI6062,hg38,chr12,88102321,88102350,-,CEP290-64,GTCAAAAGCTACCGGTTACCTG,hg38,chr12,88100982,88101004,-,CEP290-323,GTTCTGTCCTCAGTAAAAGGTA,hg38,chr12,88102142,88102164,+,,,,,,,,,,,
NGS_req-256,req256_OLI6062_N504_N711amp_42,SNA2500-1,NGS_req-256_HEK293_Titration_repeat3,N,,0.0001,HEK293,P7_N711_SBS12,N711,TTCTCCGT,Seq28_P5_N504_UMI_Tn5-A,N504,AGAGTAGA,OLI6062,hg38,chr12,88102321,88102350,-,CEP290-64,GTCAAAAGCTACCGGTTACCTG,hg38,chr12,88100982,88101004,-,CEP290-323,GTTCTGTCCTCAGTAAAAGGTA,hg38,chr12,88102142,88102164,+,,,,,,,,,,,
NGS_req-256,req256_OLI6062_N504_N712amp_43,SNA2501-1,NGS_req-256_HEK293_Titration_repeat3,N,,0,HEK293,P7_N712_SBS12,N712,CATCTCCT,Seq28_P5_N504_UMI_Tn5-A,N504,AGAGTAGA,OLI6062,hg38,chr12,88102321,88102350,-,CEP290-64,GTCAAAAGCTACCGGTTACCTG,hg38,chr12,88100982,88101004,-,CEP290-323,GTTCTGTCCTCAGTAAAAGGTA,hg38,chr12,88102142,88102164,+,,,,,,,,,,,